title,url,date,summary
"IPL 2025, MI vs KKR Live Cricket Score Streaming Online: Where to Watch Mumbai Indians vs Kolkata Knight Riders Match Live Free?",https://indianexpress.com/article/sports/cricket/ipl-2025-mi-vs-kkr-live-cricket-score-streaming-online-mumbai-v-kolkata-9914576/,,"IPL 2025, MI vs KKR Live Cricket Score Streaming Online: Where to Watch Mumbai Indians vs Kolkata Knight Riders Match Live Free?"
"MI vs KKR Predicted Playing 11, IPL 2025: Players list, Mumbai Indians vs Kolkata Knight Riders impact subs and full squads",https://indianexpress.com/article/sports/ipl/mi-vs-kkr-predicted-playing-11-ipl-2025-players-list-mumbai-indians-vs-kolkata-knight-riders-impact-subs-and-full-squads-9915115/,,"MI vs KKR Predicted Playing 11, IPL 2025: Players list, Mumbai Indians vs Kolkata Knight Riders impact subs and full squads"
Kolkata Knight Riders player Ramandeep Singh shares diet plan during peak IPL season: ‘Four egg whites and one whole egg’,https://indianexpress.com/article/lifestyle/health/kolkata-knight-riders-ramandeep-singh-diet-plan-ipl-2025-kkr-9904522/,,Kolkata Knight Riders player Ramandeep Singh shares diet plan during peak IPL season: ‘Four egg whites and one whole egg’
Kolkata Knight Riders vs Lucknow Super Giants IPL 2025 clash rescheduled due to Ram Navami festivities,https://indianexpress.com/article/sports/ipl/kolkata-knight-riders-vs-lucknow-super-giants-ipl-2025-clash-rescheduled-due-to-ram-navami-festivities-9912000/,,Kolkata Knight Riders vs Lucknow Super Giants IPL 2025 clash rescheduled due to Ram Navami festivities
"IPL 2025, RR vs KKR Highlights: Quinton de Kock hits smoking 97, takes Kolkata to 8-wicket win over Rajasthan",https://indianexpress.com/article/sports/cricket/ipl-2025-rr-vs-kkr-live-cricket-score-online-updates-rajasthan-royals-vs-kolkata-knight-riders-barsapara-stadium-scorecard-9906718/,,"IPL 2025, RR vs KKR Highlights: Quinton de Kock hits smoking 97, takes Kolkata to 8-wicket win over Rajasthan"
‘Only KKR have no home advantage at Eden Gardens’: When Ajinkya Rahane’s predecessor as Knight Riders captain complained about pitch,https://indianexpress.com/article/sports/ipl/kkr-no-home-advantage-eden-gardens-ajinkya-rahane-nitish-rana-9909128/,,‘Only KKR have no home advantage at Eden Gardens’: When Ajinkya Rahane’s predecessor as Knight Riders captain complained about pitch
"IPL 2025, MI vs KKR Wankhede Stadium Pitch Report, Weather: Here’s what to expect from pitch and weather in Mumbai",https://indianexpress.com/article/sports/ipl/ipl-2025-mi-vs-kkr-wankhede-stadium-pitch-report-weather-heres-what-to-expect-from-pitch-and-weather-in-mumbai-9915822/,,"IPL 2025, MI vs KKR Wankhede Stadium Pitch Report, Weather: Here’s what to expect from pitch and weather in Mumbai"
"MI vs KKR, IPL 2025: Sunil Narine declared fit to play as Chandrakant Pandit downplays pitch controversy at Eden Gardens",https://indianexpress.com/article/sports/ipl/kkr-vs-mi-ipl-2025-sunil-narine-fit-to-play-mumbai-v-kolkata-9914840/,,"MI vs KKR, IPL 2025: Sunil Narine declared fit to play as Chandrakant Pandit downplays pitch controversy at Eden Gardens"
"IPL 2025: Moeen and Varun choke RR’s batting rhythm, then De Kock puts on masterclass in KKR’s impressive win against RR",https://indianexpress.com/article/sports/ipl/ipl-2025-kolkata-knight-riders-beat-rajasthan-royals-rr-vs-kkr-9907962/,,"IPL 2025: Moeen and Varun choke RR’s batting rhythm, then De Kock puts on masterclass in KKR’s impressive win against RR"
"IPL: Moeen Ali makes KKR debut, replaces Sunil Narine against RR; Ajinkya Rahane gives explanation",https://indianexpress.com/article/sports/ipl/ipl-moeen-ali-makes-kkr-debut-sunil-narine-replacement-9907513/,,"IPL: Moeen Ali makes KKR debut, replaces Sunil Narine against RR; Ajinkya Rahane gives explanation"
Simon Doull to KKR management: ‘Move franchise away… if (Eden Gardens) curator is not paying heed’,https://indianexpress.com/article/sports/ipl/simon-doull-kkr-management-move-franchise-away-eden-gardens-curator-9908477/,,Simon Doull to KKR management: ‘Move franchise away… if (Eden Gardens) curator is not paying heed’
